rank,district,lat,lon,HRPI,LST_C,built_frac,green_frac,new_frac,dark_frac,population,mosque,bus_stop,delivery,construction,vulnerable,park,recommended_action,map
1,,24.327,54.529,100.0,56.575,0.96,0.0,0.49,0.38,155.809,0,0,1,0,0,0,Cool roofs & cool pavements + Shade trees / green corridors + Heat-aware design code for new district,"https://www.google.com/maps?q=24.32665,54.52941"
2,Musaffah industrial,24.348,54.482,99.843,56.744,0.99,0.0,0.45,0.27,190.507,0,0,0,0,0,0,Shade trees / green corridors + Heat-aware design code for new district,"https://www.google.com/maps?q=24.34753,54.48171"
3,Musaffah industrial,24.34,54.529,93.078,56.254,0.64,0.0,0.3,0.07,183.087,0,0,0,0,0,0,Shade trees / green corridors + Heat-aware design code for new district,"https://www.google.com/maps?q=24.34019,54.52914"
4,,24.329,54.529,90.666,55.711,0.87,0.0,0.53,0.11,145.149,0,0,0,0,0,0,Shade trees / green corridors + Heat-aware design code for new district,"https://www.google.com/maps?q=24.32936,54.52935"
5,,24.316,54.538,87.493,55.733,0.94,0.0,0.47,0.19,156.346,0,0,0,0,0,0,Shade trees / green corridors + Heat-aware design code for new district,"https://www.google.com/maps?q=24.31597,54.53848"
6,Musaffah industrial,24.348,54.514,87.205,56.503,1.0,0.0,0.18,0.11,165.121,1,0,4,0,0,0,Shaded walkways to mosque + Delivery-rider cooling & rest point + Shade trees / green corridors,"https://www.google.com/maps?q=24.34807,54.51421"
7,Musaffah industrial,24.332,54.52,86.94,56.896,0.88,0.0,0.13,0.41,185.386,0,0,0,0,0,0,Cool roofs & cool pavements + Shade trees / green corridors,"https://www.google.com/maps?q=24.33192,54.52044"
8,Mohamed Bin Zayed City,24.343,54.538,86.608,55.596,0.91,0.0,0.21,0.75,230.038,0,0,5,0,1,1,Delivery-rider cooling & rest point + Shade & cool roof at school/clinic + Cool roofs & cool pavements,"https://www.google.com/maps?q=24.34304,54.53796"
9,Musaffah industrial,24.343,54.529,86.235,56.078,0.87,0.0,0.25,0.45,164.143,1,0,6,0,0,0,Shaded walkways to mosque + Delivery-rider cooling & rest point + Cool roofs & cool pavements,"https://www.google.com/maps?q=24.34290,54.52909"
10,,24.321,54.53,85.785,56.345,0.59,0.0,0.2,0.15,166.391,0,0,0,0,0,0,Shade trees / green corridors + Heat-aware design code for new district,"https://www.google.com/maps?q=24.32124,54.52951"
11,Musaffah industrial,24.348,54.508,85.691,57.74,0.55,0.0,0.0,0.25,198.281,1,0,0,0,0,0,Shaded walkways to mosque + Shade trees / green corridors,"https://www.google.com/maps?q=24.34797,54.50830"
12,Musaffah industrial,24.351,54.511,85.507,57.697,0.58,0.0,0.11,0.28,146.271,0,0,0,0,0,0,Shade trees / green corridors,"https://www.google.com/maps?q=24.35073,54.51121"
13,Musaffah industrial,24.347,54.479,84.632,56.569,1.0,0.0,0.41,0.13,112.403,0,0,0,0,0,0,Shade trees / green corridors + Heat-aware design code for new district,"https://www.google.com/maps?q=24.34748,54.47876"
14,Musaffah industrial,24.337,54.529,83.896,55.483,0.98,0.0,0.28,0.55,192.576,0,0,3,0,0,0,Delivery-rider cooling & rest point + Cool roofs & cool pavements + Shade trees / green corridors,"https://www.google.com/maps?q=24.33748,54.52920"
15,Musaffah industrial,24.351,54.523,83.562,56.811,0.87,0.0,0.09,0.26,161.339,0,0,0,0,0,0,Shade trees / green corridors,"https://www.google.com/maps?q=24.35092,54.52302"
