site_id,site,name,lat,lon,heat_percentile,vegetation_pct,impervious_pct,nearest_green_m,context,priority,action,subtype,title,name_ar,street,reason
S-001,Bus stop,Bus stop on Mohammed Bin Khalifa Al Kindi Street,24.34611,54.51469,97,0.0,64,230,public transport,Very high,"Shaded, ventilated bus shelter with cooling",Bus stop,Bus stop · Mohammed Bin Khalifa Al Kindi Street,,Mohammed Bin Khalifa Al Kindi Street,people wait unshaded at peak heat
S-002,Mosque,Mosque on Ad Diman 4 Street,24.35258,54.52374,89,0.0,55,212,walking to prayer,High,Shaded walkway (pergola) on the prayer approach + trees,Mosque,Mosque · Ad Diman 4 Street,,Ad Diman 4 Street,worshippers walk to Dhuhr and Asr in the danger window
S-003,Bus stop,"111, M1, M5",24.36858,54.51384,83,0.0,98,230,public transport,High,"Shaded, ventilated bus shelter with cooling",Bus stop,Bus stop · Al Hiraf Street · routes 111 · M1 · M5,,Al Hiraf Street,people wait unshaded at peak heat
S-004,Bus stop,"Mussafah St 10... - 111, M1, M5",24.36906,54.51364,81,0.0,98,243,public transport,High,"Shaded, ventilated bus shelter with cooling",Bus stop,Bus stop · Al Hiraf Street,,Al Hiraf Street,people wait unshaded at peak heat
S-005,Mosque,Mosque on An Nisaylah Street,24.32171,54.47777,80,0.2,86,140,walking to prayer,High,Shaded walkway (pergola) on the prayer approach + trees,Mosque,Mosque · An Nisaylah Street,,An Nisaylah Street,worshippers walk to Dhuhr and Asr in the danger window
S-006,Bus stop,"Mussafah ADNOC ... - 111, M1, M5",24.36549,54.52474,77,0.0,51,214,public transport,High,"Shaded, ventilated bus shelter with cooling",Bus stop,Bus stop · Al Jammalah 2 Street,,Al Jammalah 2 Street,people wait unshaded at peak heat
S-007,Mosque,Mosque on At Tajalli 4 Street,24.36146,54.51272,76,0.0,98,434,walking to prayer,High,Shaded walkway (pergola) on the prayer approach + trees,Mosque,Mosque · At Tajalli 4 Street,,At Tajalli 4 Street,worshippers walk to Dhuhr and Asr in the danger window
S-008,Mosque,Uthman Mosque,24.36589,54.51265,75,0.0,93,336,walking to prayer,Moderate,Shaded walkway (pergola) on the prayer approach + trees,Mosque,Mosque · Uthman Mosque,مسجد عثمان,Al Mazj 4 Street,worshippers walk to Dhuhr and Asr in the danger window
S-009,Mosque,Mosque inside camp,24.3483,54.51427,75,0.0,95,306,walking to prayer,High,Shaded walkway (pergola) on the prayer approach + trees,Mosque,Mosque · Mosque inside camp,,Al Hayal Street,worshippers walk to Dhuhr and Asr in the danger window
S-010,School / clinic,OccuMed Clinic,24.36593,54.52129,74,0.0,70,236,children / patients,Moderate,Shaded entrance and waiting area,Clinic,Clinic · OccuMed Clinic,,Al Jammalah 6 Street,patients and elderly visitors
S-011,Mosque,Prophet Elias Catheddal Greek Ortodox,24.34948,54.51534,74,0.0,68,345,walking to prayer,Moderate,Shaded walkway (pergola) on the prayer approach + trees,Mosque,Mosque · Prophet Elias Catheddal Greek Ortodox,,Street 24,worshippers walk to Dhuhr and Asr in the danger window
S-012,School / clinic,School / clinic on Mohammed Bin Khalifa Al Kindi Street,24.34663,54.51162,74,0.5,97,100,children / patients,Moderate,Shaded entrance and waiting area,Clinic,Clinic · Mohammed Bin Khalifa Al Kindi Street,,Mohammed Bin Khalifa Al Kindi Street,patients and elderly visitors
S-013,School / clinic,Alkhaled.car.samweel,24.36105,54.5096,74,0.0,95,696,children / patients,Moderate,Shaded entrance and waiting area,Hospital,Hospital · Alkhaled.car.samweel,,Al Hiraf 3 Street,patients and elderly visitors
S-014,School / clinic,School / clinic on Mohammed Bin Khalifa Al Kindi Street,24.34794,54.52112,73,0.0,96,216,children / patients,Moderate,Shaded entrance and waiting area,Hospital,Hospital · Mohammed Bin Khalifa Al Kindi Street,,Mohammed Bin Khalifa Al Kindi Street,patients and elderly visitors
S-015,Mosque,Mosque on Al Kawakib 6 Street,24.35718,54.5069,69,0.0,83,555,walking to prayer,Moderate,Shaded walkway (pergola) on the prayer approach + trees,Mosque,Mosque · Al Kawakib 6 Street,,Al Kawakib 6 Street,worshippers walk to Dhuhr and Asr in the danger window
S-016,Bus stop,Bus stop on Al Kawakib Street,24.35951,54.50369,69,0.1,91,158,public transport,Moderate,"Shaded, ventilated bus shelter with cooling",Bus stop,Bus stop · Al Kawakib Street,,Al Kawakib Street,people wait unshaded at peak heat
S-017,Mosque,Мечеть,24.36971,54.5222,68,0.2,72,136,walking to prayer,Moderate,Shaded walkway (pergola) on the prayer approach + trees,Mosque,Mosque · Мечеть,Мечеть,Ar Raha 2 Street,worshippers walk to Dhuhr and Asr in the danger window
S-018,Mosque,Mosque on Mohammed Bin Khalifa Al Kindi Street,24.34723,54.50976,68,1.1,69,22,walking to prayer,Moderate,Shaded walkway (pergola) on the prayer approach + trees,Mosque,Mosque · Mohammed Bin Khalifa Al Kindi Street,,Mohammed Bin Khalifa Al Kindi Street,worshippers walk to Dhuhr and Asr in the danger window
S-019,Bus stop,Bus stop on Mohammed Bin Khalifa Al Kindi Street,24.34555,54.50002,68,0.0,91,550,public transport,Moderate,"Shaded, ventilated bus shelter with cooling",Bus stop,Bus stop · Mohammed Bin Khalifa Al Kindi Street,,Mohammed Bin Khalifa Al Kindi Street,people wait unshaded at peak heat
S-020,School / clinic,Emirates Driving Company,24.34237,54.52054,68,0.0,87,219,children / patients,Moderate,Shaded drop-off and play areas; cool roof on classrooms,School,School · Emirates Driving Company,,Rouh Al 'Ata-a 4 Street,children outdoors at arrival and breaks
S-021,Mosque,Mosque on Al Kawakib 1 Street,24.35821,54.50686,67,0.0,82,511,walking to prayer,Moderate,Shaded walkway (pergola) on the prayer approach + trees,Mosque,Mosque · Al Kawakib 1 Street,,Al Kawakib 1 Street,worshippers walk to Dhuhr and Asr in the danger window
S-022,School / clinic,Fatima medical center fmc mussafa,24.34675,54.51091,67,1.4,93,89,children / patients,Moderate,Shaded entrance and waiting area,Hospital,Hospital · Fatima medical center fmc mussafa,,Mohammed Bin Khalifa Al Kindi Street,patients and elderly visitors
S-023,Bus stop,"Mussafah St10 ... - 111, M1, M5",24.36928,54.51822,67,0.0,96,206,public transport,Moderate,"Shaded, ventilated bus shelter with cooling",Bus stop,Bus stop · Al Hiraf Street,,Al Hiraf Street,people wait unshaded at peak heat
S-024,Mosque,Mosque on Al Jazzeem Street,24.35984,54.50234,66,0.1,79,14,walking to prayer,Moderate,Shaded walkway (pergola) on the prayer approach + trees,Mosque,Mosque · Al Jazzeem Street,,Al Jazzeem Street,worshippers walk to Dhuhr and Asr in the danger window
S-025,Mosque,Мечеть,24.36995,54.52212,66,0.2,74,158,walking to prayer,Moderate,Shaded walkway (pergola) on the prayer approach + trees,Mosque,Mosque · Мечеть,Мечеть,Ar Raha 3 Street,worshippers walk to Dhuhr and Asr in the danger window
S-026,Bus stop,Bus stop on Al Jazzeem Street,24.36593,54.50132,65,0.0,80,251,public transport,Moderate,"Shaded, ventilated bus shelter with cooling",Bus stop,Bus stop · Al Jazzeem Street,,Al Jazzeem Street,people wait unshaded at peak heat
S-027,Mosque,Al siraj mosque mussafa,24.35566,54.51457,65,0.0,94,226,walking to prayer,Moderate,Shaded walkway (pergola) on the prayer approach + trees,Mosque,Mosque · Al siraj mosque mussafa,,Al Mantaqah As Sina'iyah 1 Street,worshippers walk to Dhuhr and Asr in the danger window
S-028,Mosque,Mosque on Al Hayal 4 Street,24.35596,54.51307,64,0.4,91,142,walking to prayer,Moderate,Shaded walkway (pergola) on the prayer approach + trees,Mosque,Mosque · Al Hayal 4 Street,,Al Hayal 4 Street,worshippers walk to Dhuhr and Asr in the danger window
S-029,School / clinic,Alpha Medical Centre,24.36981,54.51693,64,0.2,94,130,children / patients,Moderate,Shaded entrance and waiting area,Clinic,Clinic · Alpha Medical Centre,,Ar Raha 8 Street,patients and elderly visitors
S-030,School / clinic,Cambridge High School,24.34587,54.53047,64,2.2,76,45,children / patients,Moderate,Shaded drop-off and play areas; cool roof on classrooms,School,School · Cambridge High School,مدرسة كامبردج الثانوية,Barqa Al 'Iqaylah Street,children outdoors at arrival and breaks
S-031,Mosque,Mosque on Al Hayal 4 Street,24.35597,54.51307,64,0.4,91,142,walking to prayer,Moderate,Shaded walkway (pergola) on the prayer approach + trees,Mosque,Mosque · Al Hayal 4 Street,,Al Hayal 4 Street,worshippers walk to Dhuhr and Asr in the danger window
S-032,Mosque,Al siraj mosque,24.35561,54.51339,63,0.2,91,158,walking to prayer,Moderate,Shaded walkway (pergola) on the prayer approach + trees,Mosque,Mosque · Al siraj mosque,,Al Mantaqah As Sina'iyah 1 Street,worshippers walk to Dhuhr and Asr in the danger window
S-033,Mosque,Mosque on As Sawari 1 Street,24.37188,54.49194,62,0.1,80,78,walking to prayer,Moderate,Shaded walkway (pergola) on the prayer approach + trees,Mosque,Mosque · As Sawari 1 Street,,As Sawari 1 Street,worshippers walk to Dhuhr and Asr in the danger window
S-034,School / clinic,Universal Hospital One Day Surgery,24.36621,54.50191,62,0.0,84,224,children / patients,Moderate,Shaded entrance and waiting area,Clinic,Clinic · Universal Hospital One Day Surgery,,Al Jazzeem Street,patients and elderly visitors
S-035,Bus stop,111,24.375,54.51067,60,0.0,97,283,public transport,Moderate,"Shaded, ventilated bus shelter with cooling",Bus stop,Bus stop · Al Hayal Street · routes 111,,Al Hayal Street,people wait unshaded at peak heat
S-036,School / clinic,Al Najah Private School ANPS,24.3396,54.53656,59,0.0,71,348,children / patients,Moderate,Shaded drop-off and play areas; cool roof on classrooms,School,School · Al Najah Private School ANPS,,Wadi Wahalah Street,children outdoors at arrival and breaks
S-037,Mosque,Mosque masjid,24.35167,54.52054,59,0.0,97,194,walking to prayer,Moderate,Shaded walkway (pergola) on the prayer approach + trees,Mosque,Mosque · Mosque masjid,,Ad Diman 6 Street,worshippers walk to Dhuhr and Asr in the danger window
S-038,Bus stop,"Mussafah Mar Thoma Church - 111, M1, M5",24.36455,54.52114,58,0.8,74,126,public transport,Moderate,"Shaded, ventilated bus shelter with cooling",Bus stop,Bus stop · Al Jammalah 1 Street,,Al Jammalah 1 Street,people wait unshaded at peak heat
S-039,School / clinic,AGD Care Medical Center,24.36791,54.5403,57,0.5,51,146,children / patients,Moderate,Shaded entrance and waiting area,Clinic,Clinic · AGD Care Medical Center,,Nassib Bin Ahmed Al Humairi Street,patients and elderly visitors
S-040,Bus stop,Sultan Bin Mohammed Al Qubaisi St / Capital Mall,24.37389,54.533,57,0.4,51,194,public transport,Moderate,"Shaded, ventilated bus shelter with cooling",Bus stop,Bus stop · Sultan Bin Mohammed Al Qubaisi Street,,Sultan Bin Mohammed Al Qubaisi Street,people wait unshaded at peak heat
S-041,Bus stop,"Mussafah St 15 Emirates Transport - 111, M1, M5",24.37095,54.51133,57,0.0,97,250,public transport,Moderate,"Shaded, ventilated bus shelter with cooling",Bus stop,Bus stop · Al Hayal Street,,Al Hayal Street,people wait unshaded at peak heat
S-042,Mosque,Mosque on Al Hayal Street,24.3738,54.51038,57,0.0,95,396,walking to prayer,Moderate,Shaded walkway (pergola) on the prayer approach + trees,Mosque,Mosque · Al Hayal Street,,Al Hayal Street,worshippers walk to Dhuhr and Asr in the danger window
S-043,Mosque,Mosque on Al Bahah Street,24.34234,54.5304,57,0.0,86,213,walking to prayer,Moderate,Shaded walkway (pergola) on the prayer approach + trees,Mosque,Mosque · Al Bahah Street,,Al Bahah Street,worshippers walk to Dhuhr and Asr in the danger window
S-044,Mosque,Mosque on Al Marmoumiyah 4 Street,24.37171,54.51233,56,0.0,97,357,walking to prayer,Moderate,Shaded walkway (pergola) on the prayer approach + trees,Mosque,Mosque · Al Marmoumiyah 4 Street,,Al Marmoumiyah 4 Street,worshippers walk to Dhuhr and Asr in the danger window
S-045,Bus stop,"Mussafah St 8 Emirates Islamic Bank - 111, M1, M2, M3, M4, M5",24.37314,54.51345,55,0.0,100,372,public transport,Moderate,"Shaded, ventilated bus shelter with cooling",Bus stop,Bus stop · Sultan Bin Mohammed Al Qubaisi Street,,Sultan Bin Mohammed Al Qubaisi Street,people wait unshaded at peak heat
S-046,School / clinic,School / clinic on Al Ghazal Al Jabali Street,24.34387,54.53722,55,0.0,76,270,children / patients,Moderate,Shaded entrance and waiting area,Hospital,Hospital · Al Ghazal Al Jabali Street,,Al Ghazal Al Jabali Street,patients and elderly visitors
S-047,Bus stop,111,24.37097,54.51085,55,0.0,96,263,public transport,Moderate,"Shaded, ventilated bus shelter with cooling",Bus stop,Bus stop · Al Hayal Street · routes 111,,Al Hayal Street,people wait unshaded at peak heat
S-048,School / clinic,Al Maali International School,24.31659,54.53271,54,0.0,73,253,children / patients,Moderate,Shaded drop-off and play areas; cool roof on classrooms,School,School · Al Maali International School,مدرسة المعالي الدولية,Shi'bat Al Qisayd Street,children outdoors at arrival and breaks
S-049,School / clinic,School / clinic on Mohammed Bin Khalifa Al Kindi Street,24.34569,54.48659,54,0.1,91,226,children / patients,Moderate,Shaded entrance and waiting area,Clinic,Clinic · Mohammed Bin Khalifa Al Kindi Street,,Mohammed Bin Khalifa Al Kindi Street,patients and elderly visitors
S-050,School / clinic,Bloom Plus Medical Center,24.32389,54.54002,53,0.3,65,100,children / patients,Moderate,Shaded entrance and waiting area,Clinic,Clinic · Bloom Plus Medical Center,مركز بلوم بلس الطبي,Al Manhal Street,patients and elderly visitors
S-051,School / clinic,Elite private school,24.34676,54.53646,52,0.1,80,186,children / patients,Moderate,Shaded drop-off and play areas; cool roof on classrooms,School,School · Elite private school,,Ramlat Al 'Iqaylah Street,children outdoors at arrival and breaks
S-052,Bus stop,Bus stop on Al Kawakib Street,24.36014,54.51824,52,0.0,73,173,public transport,Moderate,"Shaded, ventilated bus shelter with cooling",Bus stop,Bus stop · Al Kawakib Street,,Al Kawakib Street,people wait unshaded at peak heat
S-053,School / clinic,Al Murooj Scientific Private School,24.34648,54.53398,52,0.0,67,253,children / patients,Moderate,Shaded drop-off and play areas; cool roof on classrooms,School,School · Al Murooj Scientific Private School,مدرسة المروج العلمية الخاصة,Mohammed Bin Khalifa Al Kindi Street,children outdoors at arrival and breaks
S-054,School / clinic,NMC Medical Centre,24.34575,54.48897,52,0.0,94,285,children / patients,Moderate,Shaded entrance and waiting area,Hospital,Hospital · NMC Medical Centre,,Mohammed Bin Khalifa Al Kindi Street,patients and elderly visitors
S-055,Bus stop,"MBZ CITY St 79, Mazyad Mall - M4",24.37238,54.49509,52,0.0,87,202,public transport,Moderate,"Shaded, ventilated bus shelter with cooling",Bus stop,Bus stop · Sultan Bin Mohammed Al Qubaisi Street,,Sultan Bin Mohammed Al Qubaisi Street,people wait unshaded at peak heat
S-056,Bus stop,Bus stop on Sultan Bin Mohammed Al Qubaisi Street,24.3727,54.50524,52,0.5,99,153,public transport,Moderate,"Shaded, ventilated bus shelter with cooling",Bus stop,Bus stop · Sultan Bin Mohammed Al Qubaisi Street,,Sultan Bin Mohammed Al Qubaisi Street,people wait unshaded at peak heat
S-057,School / clinic,Future Centre for Special Needs,24.35899,54.54055,51,0.1,53,71,children / patients,Moderate,Shaded drop-off and play areas; cool roof on classrooms,School,School · Future Centre for Special Needs,,Nassib Bin Ahmed Al Humairi Street,children outdoors at arrival and breaks
S-058,School / clinic,New Almazroui Medical Centre,24.33768,54.538,51,0.3,87,94,children / patients,Moderate,Shaded entrance and waiting area,Clinic,Clinic · New Almazroui Medical Centre,,Qintar Liwa Street,patients and elderly visitors
S-059,Mosque,Mosque on Sultan Bin Mohammed Al Qubaisi Street,24.37341,54.50037,51,0.0,88,332,walking to prayer,Moderate,Shaded walkway (pergola) on the prayer approach + trees,Mosque,Mosque · Sultan Bin Mohammed Al Qubaisi Street,,Sultan Bin Mohammed Al Qubaisi Street,worshippers walk to Dhuhr and Asr in the danger window
S-060,School / clinic,School / clinic on Abu Al Hinna-a 3 Street,24.37105,54.50489,51,0.1,98,135,children / patients,Moderate,Shaded entrance and waiting area,Clinic,Clinic · Abu Al Hinna-a 3 Street,,Abu Al Hinna-a 3 Street,patients and elderly visitors
S-061,School / clinic,LIFE LINE HOSPITAL MISAFFAH,24.37892,54.51603,50,4.5,89,98,children / patients,Moderate,Shaded entrance and waiting area,Hospital,Hospital · LIFE LINE HOSPITAL MISAFFAH,,Al Hidab 6 Street,patients and elderly visitors
S-062,Mosque,Mosque on Mohammed Bin Khalifa Al Kindi Street,24.34353,54.485,50,4.4,51,50,walking to prayer,Moderate,Shaded walkway (pergola) on the prayer approach + trees,Mosque,Mosque · Mohammed Bin Khalifa Al Kindi Street,,Mohammed Bin Khalifa Al Kindi Street,worshippers walk to Dhuhr and Asr in the danger window
S-063,School / clinic,Archer Dental & Dermatology Center,24.36613,54.54039,50,0.1,52,206,children / patients,Moderate,Shaded entrance and waiting area,Clinic,Clinic · Archer Dental & Dermatology Center,,Nassib Bin Ahmed Al Humairi Street,patients and elderly visitors
S-064,School / clinic,CMC - Canadian Medical Cos Center,24.36556,54.54042,50,0.2,44,184,children / patients,Moderate,Shaded entrance and waiting area,Clinic,Clinic · CMC - Canadian Medical Cos Center,,Nassib Bin Ahmed Al Humairi Street,patients and elderly visitors
S-065,Bus stop,Adnoc Free Bus,24.334,54.52648,49,0.4,86,170,public transport,Moderate,"Shaded, ventilated bus shelter with cooling",Bus stop,Bus stop · Ar Rawdah Road,,Ar Rawdah Road,people wait unshaded at peak heat
S-066,School / clinic,Al Ain University Of Science & Technology - Abu Dhabi - Abu Dhabi,24.34635,54.53928,48,0.6,71,133,children / patients,Moderate,Shaded drop-off and play areas; cool roof on classrooms,School,School · Al Ain University Of Science & Technology - Abu Dhabi - Abu Dhabi,,Mohammed Bin Khalifa Al Kindi Street,children outdoors at arrival and breaks
S-067,School / clinic,School / clinic on Al Jibal Street,24.34107,54.53735,48,0.0,88,260,children / patients,Moderate,Shaded entrance and waiting area,Hospital,Hospital · Al Jibal Street,,Al Jibal Street,patients and elderly visitors
S-068,School / clinic,Merryland International School,24.34654,54.53553,47,0.0,74,273,children / patients,Moderate,Shaded drop-off and play areas; cool roof on classrooms,School,School · Merryland International School,مدرسة الأرض السعيدة العالمية,Mohammed Bin Khalifa Al Kindi Street,children outdoors at arrival and breaks
S-069,School / clinic,School / clinic on Jazeerat Das Street,24.33932,54.53079,46,0.0,84,391,children / patients,Moderate,Shaded drop-off and play areas; cool roof on classrooms,School,School · Jazeerat Das Street,,Jazeerat Das Street,children outdoors at arrival and breaks
S-070,Bus stop,M4,24.37288,54.49622,45,0.1,82,71,public transport,Moderate,"Shaded, ventilated bus shelter with cooling",Bus stop,Bus stop · Sultan Bin Mohammed Al Qubaisi Street · routes M4,,Sultan Bin Mohammed Al Qubaisi Street,people wait unshaded at peak heat
S-071,School / clinic,Abu Dhabi International School,24.34598,54.54129,45,0.0,81,214,children / patients,Moderate,Shaded drop-off and play areas; cool roof on classrooms,School,School · Abu Dhabi International School,مدرسة أبوظبي الدولية الخاصة,Nassib Bin Ahmed Al Humairi Street,children outdoors at arrival and breaks
S-072,School / clinic,School / clinic on Khawlah Bint Malik Street,24.33023,54.53726,45,7.2,86,63,children / patients,Moderate,Shaded drop-off and play areas; cool roof on classrooms,School,School · Khawlah Bint Malik Street,,Khawlah Bint Malik Street,children outdoors at arrival and breaks
S-073,Bus stop,"Mussafah St 17 Workers Village - 111, M1, M5",24.36195,54.51673,44,0.0,99,241,public transport,Moderate,"Shaded, ventilated bus shelter with cooling",Bus stop,Bus stop · Ar Raha 8 Street,,Ar Raha 8 Street,people wait unshaded at peak heat
S-074,Mosque,Mosque on Ar Razim Street,24.38131,54.53118,44,2.3,34,102,walking to prayer,Moderate,Shaded walkway (pergola) on the prayer approach + trees,Mosque,Mosque · Ar Razim Street,,Ar Razim Street,worshippers walk to Dhuhr and Asr in the danger window
S-075,Bus stop,111,24.38,54.51046,44,0.0,96,241,public transport,Moderate,"Shaded, ventilated bus shelter with cooling",Bus stop,Bus stop · Al Hayal Street · routes 111,,Al Hayal Street,people wait unshaded at peak heat
S-076,Mosque,Mosque on Zahrat Al Ashkhar 1 Street,24.35719,54.49698,44,0.0,89,422,walking to prayer,Moderate,Shaded walkway (pergola) on the prayer approach + trees,Mosque,Mosque · Zahrat Al Ashkhar 1 Street,,Zahrat Al Ashkhar 1 Street,worshippers walk to Dhuhr and Asr in the danger window
S-077,Mosque,Mosque on Khawlah Bint Malik Street,24.32955,54.53728,44,0.7,94,141,walking to prayer,Moderate,Shaded walkway (pergola) on the prayer approach + trees,Mosque,Mosque · Khawlah Bint Malik Street,,Khawlah Bint Malik Street,worshippers walk to Dhuhr and Asr in the danger window
S-078,School / clinic,Sunrise English Private School,24.33843,54.53084,43,0.0,88,380,children / patients,Moderate,Shaded drop-off and play areas; cool roof on classrooms,School,School · Sunrise English Private School,,Barqa Al 'Iqaylah Street,children outdoors at arrival and breaks
S-079,Mosque,Masjid Salman Alfarsi,24.36972,54.53012,43,0.0,23,340,walking to prayer,Moderate,Shaded walkway (pergola) on the prayer approach + trees,Mosque,Mosque · Masjid Salman Alfarsi,مسجد سلمان الفارسي,Yaw As Sibat Street,worshippers walk to Dhuhr and Asr in the danger window
S-080,School / clinic,Al Dhafrah Private Schools,24.34546,54.53222,43,1.7,81,61,children / patients,Moderate,Shaded drop-off and play areas; cool roof on classrooms,School,School · Al Dhafrah Private Schools,مدارس الظفرة الخاصة,Tawi Bu Tay Street,children outdoors at arrival and breaks
S-081,Mosque,Mosque on Al 'Ardah Street,24.35529,54.54137,43,1.6,53,94,walking to prayer,Moderate,Shaded walkway (pergola) on the prayer approach + trees,Mosque,Mosque · Al 'Ardah Street,,Al 'Ardah Street,worshippers walk to Dhuhr and Asr in the danger window
S-082,Mosque,Tablighi Markez,24.36952,54.53026,42,0.0,25,349,walking to prayer,Moderate,Shaded walkway (pergola) on the prayer approach + trees,Mosque,Mosque · Tablighi Markez,تبلیغی مرکز,Yaw As Sibat Street,worshippers walk to Dhuhr and Asr in the danger window
S-083,Mosque,Mosque on Abdulrahman Alneedi Al Qubaisi Street,24.36297,54.5408,42,0.0,61,202,walking to prayer,Moderate,Shaded walkway (pergola) on the prayer approach + trees,Mosque,Mosque · Abdulrahman Alneedi Al Qubaisi Street,,Abdulrahman Alneedi Al Qubaisi Street,worshippers walk to Dhuhr and Asr in the danger window
S-084,Mosque,Mosque on Al Jammalah 8 Street,24.36387,54.52011,42,0.9,86,22,walking to prayer,Moderate,Shaded walkway (pergola) on the prayer approach + trees,Mosque,Mosque · Al Jammalah 8 Street,,Al Jammalah 8 Street,worshippers walk to Dhuhr and Asr in the danger window
S-085,Mosque,Masjid,24.36303,54.5408,42,0.0,61,202,walking to prayer,Moderate,Shaded walkway (pergola) on the prayer approach + trees,Mosque,Mosque · Masjid,,Abdulrahman Alneedi Al Qubaisi Street,worshippers walk to Dhuhr and Asr in the danger window
S-086,School / clinic,Bright Riders School,24.34442,54.54123,41,0.2,82,76,children / patients,Moderate,Shaded drop-off and play areas; cool roof on classrooms,School,School · Bright Riders School,مدرسة الريادة المشرقة,As Satwah Street,children outdoors at arrival and breaks
S-087,Mosque,Amna Ahmad,24.32107,54.53134,40,0.1,85,143,walking to prayer,Moderate,Shaded walkway (pergola) on the prayer approach + trees,Mosque,Mosque · Amna Ahmad,,Abu Ayoub Al Ansari Street,worshippers walk to Dhuhr and Asr in the danger window
S-088,School / clinic,Burjeel Medical City,24.35448,54.53878,39,0.2,79,92,children / patients,Moderate,Shaded entrance and waiting area,Hospital,Hospital · Burjeel Medical City,,Al Manhal Street,patients and elderly visitors
S-089,Mosque,Mosque on As Saddah 4 Street,24.37737,54.52062,38,0.1,73,120,walking to prayer,Moderate,Shaded walkway (pergola) on the prayer approach + trees,Mosque,Mosque · As Saddah 4 Street,,As Saddah 4 Street,worshippers walk to Dhuhr and Asr in the danger window
S-090,School / clinic,Universal Specialty Medical Center,24.34171,54.53587,38,0.0,86,391,children / patients,Moderate,Shaded entrance and waiting area,Clinic,Clinic · Universal Specialty Medical Center,,Al 'Amriyah Street,patients and elderly visitors
S-091,Mosque,Mosque on As Saddah 4 Street,24.37759,54.52057,38,0.1,74,124,walking to prayer,Moderate,Shaded walkway (pergola) on the prayer approach + trees,Mosque,Mosque · As Saddah 4 Street,,As Saddah 4 Street,worshippers walk to Dhuhr and Asr in the danger window
S-092,Bus stop,M2,24.38203,54.50824,38,0.3,95,100,public transport,Moderate,"Shaded, ventilated bus shelter with cooling",Bus stop,Bus stop · As Salami Street · routes M2,,As Salami Street,people wait unshaded at peak heat
S-093,Mosque,Mosque on As Saddah 4 Street,24.37758,54.52058,38,0.1,74,124,walking to prayer,Moderate,Shaded walkway (pergola) on the prayer approach + trees,Mosque,Mosque · As Saddah 4 Street,,As Saddah 4 Street,worshippers walk to Dhuhr and Asr in the danger window
S-094,School / clinic,Shining Star International,24.32103,54.53399,36,0.0,95,242,children / patients,Moderate,Shaded drop-off and play areas; cool roof on classrooms,School,School · Shining Star International,شينيغ ستار إنترناشيونال,Al Waleed Bin Abdulmalik Street,children outdoors at arrival and breaks
S-095,Mosque,Mosque on Nassib Bin Ahmed Al Humairi Street,24.37083,54.53893,35,4.7,78,91,walking to prayer,Moderate,Shaded walkway (pergola) on the prayer approach + trees,Mosque,Mosque · Nassib Bin Ahmed Al Humairi Street,,Nassib Bin Ahmed Al Humairi Street,worshippers walk to Dhuhr and Asr in the danger window
S-096,School / clinic,LA Medical Center,24.37234,54.54011,34,1.8,71,100,children / patients,Moderate,Shaded entrance and waiting area,Clinic,Clinic · LA Medical Center,,Nassib Bin Ahmed Al Humairi Street,patients and elderly visitors
S-097,School / clinic,School / clinic on Bad' Harib Street,24.37595,54.53732,34,0.0,60,262,children / patients,Moderate,Shaded drop-off and play areas; cool roof on classrooms,School,School · Bad' Harib Street,,Bad' Harib Street,children outdoors at arrival and breaks
S-098,Bus stop,Bus stop on Wadi An Najd Street,24.33653,54.53834,34,0.3,93,51,public transport,Moderate,"Shaded, ventilated bus shelter with cooling",Bus stop,Bus stop · Wadi An Najd Street,,Wadi An Najd Street,people wait unshaded at peak heat
S-099,Mosque,Sheikh Mohammed Bin Khalifa Mosque,24.3311,54.53143,34,0.0,94,408,walking to prayer,Moderate,Shaded walkway (pergola) on the prayer approach + trees,Mosque,Mosque · Sheikh Mohammed Bin Khalifa Mosque,,Al Ahellah Street,worshippers walk to Dhuhr and Asr in the danger window
S-100,School / clinic,New National Medical,24.33745,54.53213,34,0.0,95,514,children / patients,Moderate,Shaded entrance and waiting area,Hospital,Hospital · New National Medical,,Ghait Sinaybil Street,patients and elderly visitors
S-101,Mosque,Mosque on Ash Shayma-a Bint Al Harith Street,24.33715,54.53557,33,0.0,94,330,walking to prayer,Moderate,Shaded walkway (pergola) on the prayer approach + trees,Mosque,Mosque · Ash Shayma-a Bint Al Harith Street,,Ash Shayma-a Bint Al Harith Street,worshippers walk to Dhuhr and Asr in the danger window
S-102,School / clinic,Seer Bani Yas Secondary School,24.32963,54.53134,33,0.0,96,434,children / patients,Moderate,Shaded drop-off and play areas; cool roof on classrooms,School,School · Seer Bani Yas Secondary School,,Waqid Bin 'Abdullah Street,children outdoors at arrival and breaks
S-103,School / clinic,Pakistan Community Welfare School,24.32084,54.53195,33,0.1,91,110,children / patients,Moderate,Shaded drop-off and play areas; cool roof on classrooms,School,School · Pakistan Community Welfare School,,Al Madaris Street,children outdoors at arrival and breaks
S-104,Bus stop,Bus stop on Al Manhal Street,24.3717,54.53624,33,1.8,71,130,public transport,Moderate,"Shaded, ventilated bus shelter with cooling",Bus stop,Bus stop · Al Manhal Street,,Al Manhal Street,people wait unshaded at peak heat
S-105,School / clinic,Mediclinic musaffah,24.33066,54.53177,33,0.0,95,398,children / patients,Moderate,Shaded entrance and waiting area,Clinic,Clinic · Mediclinic musaffah,,Waqid Bin 'Abdullah Street,patients and elderly visitors
S-106,School / clinic,Al Bashair Private School,24.31997,54.53442,32,0.0,92,250,children / patients,Moderate,Shaded drop-off and play areas; cool roof on classrooms,School,School · Al Bashair Private School,,Al Madaris Street,children outdoors at arrival and breaks
S-107,School / clinic,Al Ahalia hospital,24.36264,54.52424,32,0.5,96,110,children / patients,Moderate,Shaded entrance and waiting area,Hospital,Hospital · Al Ahalia hospital,,Al Jammalah 2 Street,patients and elderly visitors
S-108,School / clinic,Abu Dhabi Grammar School branch 1,24.34254,54.53314,31,0.0,90,335,children / patients,Moderate,Shaded drop-off and play areas; cool roof on classrooms,School,School · Abu Dhabi Grammar School branch 1,مدرسة أبوظبي جرامار سكول فرع 1,Fallat Street,children outdoors at arrival and breaks
S-109,School / clinic,Creative British School,24.33283,54.53754,31,5.3,90,50,children / patients,Moderate,Shaded drop-off and play areas; cool roof on classrooms,School,School · Creative British School,مدرسة الإبداع البريطانية,Al Dhari Street,children outdoors at arrival and breaks
S-110,School / clinic,"THE MODEL SCHOOL, ABU DHABI",24.32118,54.53722,30,0.0,97,344,children / patients,Moderate,Shaded drop-off and play areas; cool roof on classrooms,School,"School · THE MODEL SCHOOL, ABU DHABI",,Al Matamah Street,children outdoors at arrival and breaks
S-111,Mosque,Worker village mosque,24.3608,54.52004,30,0.1,92,136,walking to prayer,Moderate,Shaded walkway (pergola) on the prayer approach + trees,Mosque,Mosque · Worker village mosque,,Al Kawakib Street,worshippers walk to Dhuhr and Asr in the danger window
S-112,Bus stop,Bus Stop to Abu Dhabi,24.37152,54.53661,30,2.1,73,98,public transport,Moderate,"Shaded, ventilated bus shelter with cooling",Bus stop,Bus stop · Al Manhal Street · no shelter,,Al Manhal Street,people wait unshaded at peak heat
S-113,School / clinic,Musaffah Health,24.37866,54.5214,30,7.5,71,103,children / patients,Moderate,Shaded entrance and waiting area,Clinic,Clinic · Musaffah Health,,Al Hidab 3 Street,patients and elderly visitors
S-114,Mosque,Mosque on Ji'dan Street,24.34143,54.53322,29,0.0,91,446,walking to prayer,Moderate,Shaded walkway (pergola) on the prayer approach + trees,Mosque,Mosque · Ji'dan Street,,Ji'dan Street,worshippers walk to Dhuhr and Asr in the danger window
S-115,School / clinic,Musaffah Health,24.3787,54.52142,29,7.8,73,94,children / patients,Moderate,Shaded entrance and waiting area,Clinic,Clinic · Musaffah Health,,Al Hidab 3 Street,patients and elderly visitors
S-116,Mosque,Mosque on Al Kawakib Street,24.36075,54.5202,29,0.1,92,125,walking to prayer,Moderate,Shaded walkway (pergola) on the prayer approach + trees,Mosque,Mosque · Al Kawakib Street,,Al Kawakib Street,worshippers walk to Dhuhr and Asr in the danger window
S-117,School / clinic,Belvedere British School,24.3429,54.53435,29,0.0,91,375,children / patients,Moderate,Shaded drop-off and play areas; cool roof on classrooms,School,School · Belvedere British School,مدرسة بلفدير البريطانية,Bateen Al 'Oud Street,children outdoors at arrival and breaks
S-118,School / clinic,MUSAFAH SCREENING CENTER (FREE PCR TEST),24.38205,54.51637,28,6.2,74,50,children / patients,Moderate,Shaded entrance and waiting area,Clinic,Clinic · MUSAFAH SCREENING CENTER (FREE PCR TEST),مركز مصفح لفحص كورونا (بي سي آر) مجانا,Al Hidab 4 Street,patients and elderly visitors
S-119,School / clinic,Emirates technical & safety development centre - ETSDC,24.38261,54.51379,28,0.1,83,182,children / patients,Moderate,Shaded drop-off and play areas; cool roof on classrooms,School,School · Emirates technical & safety development centre - ETSDC,,As Salami Street,children outdoors at arrival and breaks
S-120,School / clinic,School / clinic on Al Kawakib Street,24.36075,54.52143,26,0.1,91,125,children / patients,Moderate,Shaded entrance and waiting area,Hospital,Hospital · Al Kawakib Street,,Al Kawakib Street,patients and elderly visitors
S-121,School / clinic,LIFE CARE HOSPITAL MISAFFAH,24.36084,54.521,25,0.1,92,102,children / patients,Moderate,Shaded entrance and waiting area,Hospital,Hospital · LIFE CARE HOSPITAL MISAFFAH,,Al Kawakib Street,patients and elderly visitors
S-122,Mosque,Mosque on Al Ithmid Street,24.33704,54.531,24,0.0,93,415,walking to prayer,Moderate,Shaded walkway (pergola) on the prayer approach + trees,Mosque,Mosque · Al Ithmid Street,,Al Ithmid Street,worshippers walk to Dhuhr and Asr in the danger window
S-123,Bus stop,Almansoori office,24.38152,54.48383,23,0.1,89,60,public transport,Moderate,"Shaded, ventilated bus shelter with cooling",Bus stop,Bus stop · As Salami Street,,As Salami Street,people wait unshaded at peak heat
S-124,School / clinic,Prime Care Medical Centre,24.32923,54.53339,23,0.0,98,386,children / patients,Moderate,Shaded entrance and waiting area,Hospital,Hospital · Prime Care Medical Centre,,Yaw Al Ghuweifat Street,patients and elderly visitors
S-125,Mosque,Mosque on Hakeem Bin Hizam Street,24.32573,54.53179,23,0.0,99,480,walking to prayer,Moderate,Shaded walkway (pergola) on the prayer approach + trees,Mosque,Mosque · Hakeem Bin Hizam Street,,Hakeem Bin Hizam Street,worshippers walk to Dhuhr and Asr in the danger window
S-126,School / clinic,School / clinic on As Salami Street,24.38288,54.51399,23,0.1,82,171,children / patients,Moderate,Shaded drop-off and play areas; cool roof on classrooms,School,School · As Salami Street,,As Salami Street,children outdoors at arrival and breaks
S-127,Bus stop,icad,24.33959,54.4907,22,0.5,80,50,public transport,Moderate,"Shaded, ventilated bus shelter with cooling",Bus stop,Bus stop · Al Bees Street,,Al Bees Street,people wait unshaded at peak heat
S-128,Mosque,Maryam Jamal Al Khoory,24.32329,54.53159,21,0.0,97,381,walking to prayer,Moderate,Shaded walkway (pergola) on the prayer approach + trees,Mosque,Mosque · Maryam Jamal Al Khoory,,Shalwa Street,worshippers walk to Dhuhr and Asr in the danger window
S-129,Mosque,Mosque on Habeeb Bin Zayd Street,24.32789,54.53398,21,0.0,99,453,walking to prayer,Moderate,Shaded walkway (pergola) on the prayer approach + trees,Mosque,Mosque · Habeeb Bin Zayd Street,,Habeeb Bin Zayd Street,worshippers walk to Dhuhr and Asr in the danger window
S-130,School / clinic,"Home Health Medical Centre, LLC",24.32759,54.53306,20,0.0,99,539,children / patients,Moderate,Shaded entrance and waiting area,Clinic,"Clinic · Home Health Medical Centre, LLC",,Al Qteefi Street,patients and elderly visitors
S-131,School / clinic,Talat Medical Centre,24.32435,54.53546,19,0.0,99,434,children / patients,Moderate,Shaded entrance and waiting area,Clinic,Clinic · Talat Medical Centre,,Razim Street,patients and elderly visitors
S-132,Bus stop,Shabiya 12 takreer bus stop,24.32352,54.53518,18,0.0,99,493,public transport,Moderate,"Shaded, ventilated bus shelter with cooling",Bus stop,Bus stop · Razim Street · routes Shabiya 12 takreer bus stop,,Razim Street,people wait unshaded at peak heat
S-133,Bus stop,Bus Stop,24.3309,54.53496,18,0.1,100,143,public transport,Moderate,"Shaded, ventilated bus shelter with cooling",Bus stop,Bus stop · Mohammed Bu Gbay Al Mansouri Street,,Mohammed Bu Gbay Al Mansouri Street,people wait unshaded at peak heat
S-134,Bus stop,Bus Stop 10078A,24.327,54.53522,18,0.0,99,422,public transport,Moderate,"Shaded, ventilated bus shelter with cooling",Bus stop,Bus stop · Mohammed Bu Gbay Al Mansouri Street · routes Bus Stop 10078A,,Mohammed Bu Gbay Al Mansouri Street,people wait unshaded at peak heat
S-135,School / clinic,Al Ahalia Ophthalmology Medical Center,24.33488,54.53053,17,0.0,85,408,children / patients,Moderate,Shaded entrance and waiting area,Clinic,Clinic · Al Ahalia Ophthalmology Medical Center,,At Tahaddi Street,patients and elderly visitors
S-136,School / clinic,Emirates Future International Academy,24.33554,54.53241,16,0.0,100,464,children / patients,Moderate,Shaded drop-off and play areas; cool roof on classrooms,School,School · Emirates Future International Academy,مدرسة أكاديمية مستقبل الإمارات الدولية الخاصة,Um Al Libd Street,children outdoors at arrival and breaks
S-137,School / clinic,Ideal Clinical Laboratories,24.33606,54.53169,15,0.0,99,519,children / patients,Moderate,Shaded entrance and waiting area,Clinic,Clinic · Ideal Clinical Laboratories,المثالي للمختبرات الطبيعه,Ras Al Jila' Street,patients and elderly visitors
S-138,School / clinic,Hunain School,24.39362,54.49756,14,2.5,74,67,children / patients,Moderate,Shaded drop-off and play areas; cool roof on classrooms,School,School · Hunain School,مدرسة الحنين,Al Hafawah Street,children outdoors at arrival and breaks
S-139,School / clinic,Hunain School,24.39384,54.49681,13,4.7,76,117,children / patients,Moderate,Shaded drop-off and play areas; cool roof on classrooms,School,School · Hunain School,,Az Zeenah Street,children outdoors at arrival and breaks
