id,lat,lon,risk,heat_pct,LST_C,dominant_surface,road,roof,sand,veg,impervious,dist_green_m,residents,exposure_context,drivers,actions,why,confidence,priority,dLST_trees_C,dLST_coolpave_C,risk_Trees +10%,risk_Cool pavement,risk_Shaded stops / rest nodes,street,cool_roof_candidates_300m,roof_mix,dominant_roof,plan,now,buildings_screened
M-001,24.34857,54.51194,82.0,93,57.2,road,0.54,0.02,0.44,0.0,0.56,230,24,"industrial outdoor workers, pedestrians","asphalt / dark pavement ↑, bare sand ↑, surface brightness (albedo) ↓",Shade structures + cool pavement + Shaded rest nodes + midday work-break enforcement + Trees / vegetated shade on open ground (irrigation needed),"54% dark pavement on a walking/transit route + industrial outdoor work + 44% bare sand, 0% vegetation",High,High,-4.93,-0.09,0.42,0.99,0.67,Al Hayal Street,7,Concrete / cement 61% · Metal sheet (bare / painted) 18% · White / cool coating 14%,Concrete / cement,"Shaded rest node + water station; enforce MoHRE midday break 12:30–15:00 (15 Jun–15 Sep) (outdoor industrial work) | Cool-pavement coating on roads and car parks + street trees (dark asphalt stores heat into the evening) | High-albedo elastomeric roof coating (Estidama-aligned SRI) (grey concrete roofs absorb most of the sun) | Shade sails + native trees (Ghaf, Sidr) on drip / TSE irrigation (open sand lots heat the air around them)",Shaded rest node + water station; enforce MoHRE midday break 12:30–15:00 (15 Jun–15 Sep) + Cool-pavement coating on roads and car parks + street trees,86
M-002,24.3468,54.51394,81.6,95,57.6,building,0.38,0.57,0.05,0.0,0.95,175,20,"delivery riders, industrial outdoor workers, pedestrians","roof cover ↑, asphalt / dark pavement ↑, greenness (NDVI) ↓",Shade structures + cool pavement + Cool / reflective roofs + Shaded rest nodes + midday work-break enforcement,38% dark pavement on a walking/transit route + 57% roof cover + industrial outdoor work,High,Very high,-2.98,-0.6,0.62,0.94,0.68,Mohammed Bin Khalifa Al Kindi Street,7,Concrete / cement 58% · Metal sheet (bare / painted) 24% · White / cool coating 16%,Concrete / cement,Shaded rest node + water station; enforce MoHRE midday break 12:30–15:00 (15 Jun–15 Sep) (outdoor industrial work) | Cool-pavement coating on roads and car parks + street trees (dark asphalt stores heat into the evening) | High-albedo elastomeric roof coating (Estidama-aligned SRI) (grey concrete roofs absorb most of the sun),Shaded rest node + water station; enforce MoHRE midday break 12:30–15:00 (15 Jun–15 Sep) + Cool-pavement coating on roads and car parks + street trees,55
M-003,24.34588,54.51297,80.0,94,57.3,road,0.73,0.02,0.25,0.0,0.75,64,24,"industrial outdoor workers, pedestrians","asphalt / dark pavement ↑, distance to green space ↓, surface brightness (albedo) ↓",Shade structures + cool pavement + Shaded rest nodes + midday work-break enforcement + Trees / vegetated shade on open ground (irrigation needed),"73% dark pavement on a walking/transit route + industrial outdoor work + 25% bare sand, 0% vegetation",High,High,-4.97,-0.28,0.42,0.97,0.68,Mohammed Bin Khalifa Al Kindi Street,1,Concrete / cement 62% · Metal sheet (bare / painted) 22% · White / cool coating 13%,Concrete / cement,"Shaded rest node + water station; enforce MoHRE midday break 12:30–15:00 (15 Jun–15 Sep) (outdoor industrial work) | Cool-pavement coating on roads and car parks + street trees (dark asphalt stores heat into the evening) | High-albedo elastomeric roof coating (Estidama-aligned SRI) (grey concrete roofs absorb most of the sun) | Shade sails + native trees (Ghaf, Sidr) on drip / TSE irrigation (open sand lots heat the air around them)",Shaded rest node + water station; enforce MoHRE midday break 12:30–15:00 (15 Jun–15 Sep) + Cool-pavement coating on roads and car parks + street trees,56
M-004,24.34678,54.51296,78.7,88,56.8,road,0.59,0.35,0.05,0.0,0.94,97,23,"delivery riders, industrial outdoor workers, pedestrians","asphalt / dark pavement ↑, roof cover ↑, greenness (NDVI) ↓",Shade structures + cool pavement + Shaded rest nodes + midday work-break enforcement,59% dark pavement on a walking/transit route + industrial outdoor work,High,Elevated,-1.88,0.39,0.71,1.04,0.67,Mohammed Bin Khalifa Al Kindi Street,7,Concrete / cement 58% · Metal sheet (bare / painted) 20% · White / cool coating 17%,Concrete / cement,Shaded rest node + water station; enforce MoHRE midday break 12:30–15:00 (15 Jun–15 Sep) (outdoor industrial work) | Cool-pavement coating on roads and car parks + street trees (dark asphalt stores heat into the evening) | High-albedo elastomeric roof coating (Estidama-aligned SRI) (grey concrete roofs absorb most of the sun),Shaded rest node + water station; enforce MoHRE midday break 12:30–15:00 (15 Jun–15 Sep) + Cool-pavement coating on roads and car parks + street trees,72
M-005,24.34683,54.51591,77.8,95,57.6,building,0.45,0.49,0.07,0.0,0.93,321,21,"delivery riders, industrial outdoor workers, pedestrians","asphalt / dark pavement ↑, roof cover ↑, greenness (NDVI) ↓",Shade structures + cool pavement + Cool / reflective roofs + Shaded rest nodes + midday work-break enforcement,45% dark pavement on a walking/transit route + 49% roof cover + industrial outdoor work,High,Very high,-2.83,-0.35,0.63,0.96,0.68,Mohammed Bin Khalifa Al Kindi Street,1,Concrete / cement 45% · Metal sheet (bare / painted) 26% · White / cool coating 25%,Concrete / cement,Shaded rest node + water station; enforce MoHRE midday break 12:30–15:00 (15 Jun–15 Sep) (outdoor industrial work) | Cool-pavement coating on roads and car parks + street trees (dark asphalt stores heat into the evening) | High-albedo elastomeric roof coating (Estidama-aligned SRI) (grey concrete roofs absorb most of the sun),Shaded rest node + water station; enforce MoHRE midday break 12:30–15:00 (15 Jun–15 Sep) + Cool-pavement coating on roads and car parks + street trees,67
M-006,24.34682,54.51493,77.6,96,57.7,building,0.38,0.54,0.08,0.0,0.92,267,20,"delivery riders, industrial outdoor workers, pedestrians","roof cover ↑, asphalt / dark pavement ↑, greenness (NDVI) ↓",Shade structures + cool pavement + Cool / reflective roofs + Shaded rest nodes + midday work-break enforcement,38% dark pavement on a walking/transit route + 54% roof cover + industrial outdoor work,High,Very high,-2.81,-0.42,0.64,0.96,0.69,Mohammed Bin Khalifa Al Kindi Street,1,Concrete / cement 46% · Metal sheet (bare / painted) 32% · White / cool coating 21%,Concrete / cement,Shaded rest node + water station; enforce MoHRE midday break 12:30–15:00 (15 Jun–15 Sep) (outdoor industrial work) | Cool-pavement coating on roads and car parks + street trees (dark asphalt stores heat into the evening) | High-albedo elastomeric roof coating (Estidama-aligned SRI) (grey concrete roofs absorb most of the sun),Shaded rest node + water station; enforce MoHRE midday break 12:30–15:00 (15 Jun–15 Sep) + Cool-pavement coating on roads and car parks + street trees,41
M-007,24.34595,54.51691,72.8,97,57.9,road,0.72,0.02,0.25,0.0,0.75,193,20,"industrial outdoor workers, pedestrians","asphalt / dark pavement ↑, surface brightness (albedo) ↓, distance to green space ↓",Shade structures + cool pavement + Shaded rest nodes + midday work-break enforcement + Trees / vegetated shade on open ground (irrigation needed),"72% dark pavement on a walking/transit route + industrial outdoor work + 25% bare sand, 0% vegetation",High,Very high,-5.25,-0.47,0.41,0.95,0.7,Rouh Al 'Ata-a 4 Street,0,Concrete / cement 51% · Metal sheet (bare / painted) 25% · White / cool coating 22%,Concrete / cement,"Shaded rest node + water station; enforce MoHRE midday break 12:30–15:00 (15 Jun–15 Sep) (outdoor industrial work) | Cool-pavement coating on roads and car parks + street trees (dark asphalt stores heat into the evening) | High-albedo elastomeric roof coating (Estidama-aligned SRI) (grey concrete roofs absorb most of the sun) | Shade sails + native trees (Ghaf, Sidr) on drip / TSE irrigation (open sand lots heat the air around them)",Shaded rest node + water station; enforce MoHRE midday break 12:30–15:00 (15 Jun–15 Sep) + Cool-pavement coating on roads and car parks + street trees,46
M-008,24.34685,54.5169,72.6,87,56.7,road,0.7,0.21,0.09,0.0,0.91,286,23,"industrial outdoor workers, pedestrians","asphalt / dark pavement ↑, greenness (NDVI) ↓, surface brightness (albedo) ↓",Shade structures + cool pavement + Shaded rest nodes + midday work-break enforcement,70% dark pavement on a walking/transit route + industrial outdoor work,High,Elevated,-2.91,0.01,0.6,1.0,0.68,Ar Raha 8 Street,0,Concrete / cement 47% · White / cool coating 30% · Metal sheet (bare / painted) 20%,Concrete / cement,Shaded rest node + water station; enforce MoHRE midday break 12:30–15:00 (15 Jun–15 Sep) (outdoor industrial work) | Cool-pavement coating on roads and car parks + street trees (dark asphalt stores heat into the evening) | High-albedo elastomeric roof coating (Estidama-aligned SRI) (grey concrete roofs absorb most of the sun),Shaded rest node + water station; enforce MoHRE midday break 12:30–15:00 (15 Jun–15 Sep) + Cool-pavement coating on roads and car parks + street trees,72
M-009,24.36841,54.51056,71.7,81,56.3,road,0.68,0.13,0.19,0.0,0.81,84,24,"industrial outdoor workers, pedestrians","asphalt / dark pavement ↑, distance to green space ↓, surface brightness (albedo) ↓",Shade structures + cool pavement + Shaded rest nodes + midday work-break enforcement + Trees / vegetated shade on open ground (irrigation needed),"68% dark pavement on a walking/transit route + industrial outdoor work + 19% bare sand, 0% vegetation",High,Elevated,-4.16,-0.86,0.44,0.89,0.67,Al Hiraf Street,0,Concrete / cement 69% · Mixed / unsure 16% · White / cool coating 8%,Concrete / cement,"Shaded rest node + water station; enforce MoHRE midday break 12:30–15:00 (15 Jun–15 Sep) (outdoor industrial work) | Cool-pavement coating on roads and car parks + street trees (dark asphalt stores heat into the evening) | High-albedo elastomeric roof coating (Estidama-aligned SRI) (grey concrete roofs absorb most of the sun) | Shade sails + native trees (Ghaf, Sidr) on drip / TSE irrigation (open sand lots heat the air around them)",Shaded rest node + water station; enforce MoHRE midday break 12:30–15:00 (15 Jun–15 Sep) + Cool-pavement coating on roads and car parks + street trees,131
M-010,24.36491,54.51753,71.5,92,57.2,road,0.48,0.38,0.14,0.0,0.86,228,16,"delivery riders, industrial outdoor workers, pedestrians","asphalt / dark pavement ↑, roof cover ↑, greenness (NDVI) ↓",Shade structures + cool pavement + Shaded rest nodes + midday work-break enforcement,48% dark pavement on a walking/transit route + industrial outdoor work,High,High,-2.79,-0.54,0.63,0.94,0.69,Al Jammalah 1 Street,6,Concrete / cement 47% · White / cool coating 31% · Metal sheet (bare / painted) 18%,Concrete / cement,Shaded rest node + water station; enforce MoHRE midday break 12:30–15:00 (15 Jun–15 Sep) (outdoor industrial work) | Cool-pavement coating on roads and car parks + street trees (dark asphalt stores heat into the evening) | High-albedo elastomeric roof coating (Estidama-aligned SRI) (grey concrete roofs absorb most of the sun),Shaded rest node + water station; enforce MoHRE midday break 12:30–15:00 (15 Jun–15 Sep) + Cool-pavement coating on roads and car parks + street trees,92
M-011,24.34587,54.51199,71.4,86,56.7,road,0.8,0.1,0.07,0.018,0.91,56,22,"industrial outdoor workers, pedestrians","asphalt / dark pavement ↑, distance to green space ↓, surface brightness (albedo) ↓",Shade structures + cool pavement + Shaded rest nodes + midday work-break enforcement,80% dark pavement on a walking/transit route + industrial outdoor work,High,Elevated,-4.53,-0.58,0.43,0.93,0.68,Al Hayal Street,1,Concrete / cement 66% · Metal sheet (bare / painted) 17% · White / cool coating 13%,Concrete / cement,Shaded rest node + water station; enforce MoHRE midday break 12:30–15:00 (15 Jun–15 Sep) (outdoor industrial work) | Cool-pavement coating on roads and car parks + street trees (dark asphalt stores heat into the evening) | High-albedo elastomeric roof coating (Estidama-aligned SRI) (grey concrete roofs absorb most of the sun),Shaded rest node + water station; enforce MoHRE midday break 12:30–15:00 (15 Jun–15 Sep) + Cool-pavement coating on roads and car parks + street trees,70
M-012,24.36839,54.50958,71.1,84,56.5,road,0.69,0.22,0.1,0.0,0.9,179,25,"delivery riders, industrial outdoor workers","asphalt / dark pavement ↑, greenness (NDVI) ↓, distance to green space ↓",Shaded rest nodes + midday work-break enforcement,industrial outdoor work,High,Elevated,-3.34,-0.4,0.54,0.95,0.68,Al Hiraf Street,0,Concrete / cement 67% · Mixed / unsure 18% · White / cool coating 8%,Concrete / cement,Shaded rest node + water station; enforce MoHRE midday break 12:30–15:00 (15 Jun–15 Sep) (outdoor industrial work) | Cool-pavement coating on roads and car parks + street trees (dark asphalt stores heat into the evening) | High-albedo elastomeric roof coating (Estidama-aligned SRI) (grey concrete roofs absorb most of the sun),Shaded rest node + water station; enforce MoHRE midday break 12:30–15:00 (15 Jun–15 Sep) + Cool-pavement coating on roads and car parks + street trees,143
M-013,24.34677,54.51197,71.0,79,56.2,road,0.77,0.14,0.08,0.0,0.92,92,23,"students / patients, industrial outdoor workers, pedestrians","asphalt / dark pavement ↑, distance to green space ↓, surface brightness (albedo) ↓",Shade structures + cool pavement + Shaded rest nodes + midday work-break enforcement,77% dark pavement on a walking/transit route + industrial outdoor work,High,Elevated,-3.97,-0.66,0.45,0.92,0.67,Al Hayal Street,7,Concrete / cement 65% · Metal sheet (bare / painted) 16% · White / cool coating 14%,Concrete / cement,Shaded rest node + water station; enforce MoHRE midday break 12:30–15:00 (15 Jun–15 Sep) (outdoor industrial work) | Cool-pavement coating on roads and car parks + street trees (dark asphalt stores heat into the evening) | High-albedo elastomeric roof coating (Estidama-aligned SRI) (grey concrete roofs absorb most of the sun),Shaded rest node + water station; enforce MoHRE midday break 12:30–15:00 (15 Jun–15 Sep) + Cool-pavement coating on roads and car parks + street trees,80
M-014,24.34769,54.51294,70.8,89,56.9,building,0.31,0.63,0.06,0.0,0.94,186,21,"delivery riders, industrial outdoor workers","roof cover ↑, asphalt / dark pavement ↑, greenness (NDVI) ↓",Cool / reflective roofs + Shaded rest nodes + midday work-break enforcement,63% roof cover + industrial outdoor work,High,Elevated,-2.68,-0.27,0.63,0.97,0.69,Al Hayal Street,7,Concrete / cement 53% · Metal sheet (bare / painted) 22% · White / cool coating 19%,Concrete / cement,Shaded rest node + water station; enforce MoHRE midday break 12:30–15:00 (15 Jun–15 Sep) (outdoor industrial work) | Cool-pavement coating on roads and car parks + street trees (dark asphalt stores heat into the evening) | High-albedo elastomeric roof coating (Estidama-aligned SRI) (grey concrete roofs absorb most of the sun),Shaded rest node + water station; enforce MoHRE midday break 12:30–15:00 (15 Jun–15 Sep) + Cool-pavement coating on roads and car parks + street trees,84
M-015,24.3477,54.51392,70.6,96,57.7,building,0.09,0.87,0.03,0.0,0.97,236,18,industrial outdoor workers,"roof cover ↑, greenness (NDVI) ↓, distance to green space ↓",Cool / reflective roofs + Shaded rest nodes + midday work-break enforcement,87% roof cover + industrial outdoor work,High,Very high,-4.72,-0.24,0.46,0.98,0.7,Mohammed Bin Khalifa Al Kindi Street,7,Concrete / cement 53% · Metal sheet (bare / painted) 24% · White / cool coating 19%,Concrete / cement,Shaded rest node + water station; enforce MoHRE midday break 12:30–15:00 (15 Jun–15 Sep) (outdoor industrial work) | High-albedo elastomeric roof coating (Estidama-aligned SRI) (grey concrete roofs absorb most of the sun),Shaded rest node + water station; enforce MoHRE midday break 12:30–15:00 (15 Jun–15 Sep) + High-albedo elastomeric roof coating (Estidama-aligned SRI),77
