cat,lat,lon,name
vulnerable,24.658559,46.7429831,Secondary School
vulnerable,24.6586077,46.744013,High School
delivery,24.6552535,46.7440452,
vulnerable,24.6579447,46.7430045,Elementary School
vulnerable,24.584421,46.771909,
delivery,24.5822399,46.8657429,Commissary
delivery,24.5823857,46.8660642,
vulnerable,24.5833126,46.864015,
mosque,24.5727149,46.8444765,Masjed
mosque,24.5722953,46.8406195,
mosque,24.5687144,46.8449218,مسجد عمر بن الخطاب
mosque,24.5717587,46.8465686,
mosque,24.5728027,46.8491275,
mosque,24.5745931,46.8446106,
mosque,24.577125,46.8454743,
mosque,24.5693096,46.8413598,
mosque,24.5667385,46.8494386,
mosque,24.564743,46.8518365,
mosque,24.5632598,46.8478829,
mosque,24.561601,46.850946,
mosque,24.5649577,46.8455923,
mosque,24.5685534,46.8369717,
delivery,24.5692559,46.8377012,
delivery,24.5690559,46.8380607,Simply Market
mosque,24.5633208,46.8527136,
mosque,24.5708,46.8511364,مسجد أبو بكر الصديق
mosque,24.6612871,46.8637926,
mosque,24.6619166,46.8772532,
mosque,24.6593431,46.8688911,
mosque,24.661445,46.8604105,
mosque,24.6649617,46.8688318,
mosque,24.6588984,46.8780389,
mosque,24.6374712,46.7974878,
mosque,24.6334699,46.8010588,
mosque,24.601826,46.7733058,
mosque,24.6005367,46.780262,
mosque,24.5967186,46.7762585,
mosque,24.5821369,46.7891423,
mosque,24.6024086,46.8372349,
mosque,24.5658429,46.8537248,
mosque,24.5817375,46.8535053,
mosque,24.5550191,46.8648396,
mosque,24.5569708,46.8622003,
mosque,24.5531844,46.8681334,
mosque,24.5648163,46.8723498,
mosque,24.5666019,46.8703757,
mosque,24.6302966,46.7807518,
mosque,24.6275864,46.7872183,
mosque,24.6307777,46.7756923,
mosque,24.6341189,46.7617672,مسجد العويضة
delivery,24.5888126,46.7596054,Kudu
delivery,24.6197718,46.7447373,Mthaq alromansi
delivery,24.5722951,46.7808324,اسواق النهدي
mosque,24.5759851,46.7759859,مسجد خالد بن الوليد
mosque,24.5746332,46.7799527,مسجد علي بن أبي طالب
vulnerable,24.5752247,46.7804524,مدرسة سمر بن جندب
delivery,24.5735055,46.7818385,مطعم المراسيم
delivery,24.5736652,46.7852922,مطعم ديرتي
mosque,24.5791481,46.7798865,مسجد سعيد بن زيد
delivery,24.6012285,46.7481058,اسواق العثيم
delivery,24.5997746,46.7486201,الرومانسية
delivery,24.5996118,46.7458807,كودو
delivery,24.5992269,46.7450868,برجر كنج
delivery,24.6178334,46.7531366,كنتاكي
mosque,24.6179466,46.7500853,
delivery,24.6544316,46.8340767,سوق.كوم
delivery,24.658699,46.7839466,Applebee's
delivery,24.5794316,46.7885244,اسواق اللحيدان
delivery,24.5904405,46.7669571,العزيزية جاليرى
delivery,24.6121015,46.7523797,Dwagn alattas
delivery,24.6183241,46.7452786,Tom tom
mosque,24.5940804,46.7722642,
mosque,24.6638454,46.9334561,
mosque,24.662205,46.9350172,
mosque,24.6601657,46.9368406,
mosque,24.6188119,46.7482823,Mosque of Um Ibraheem Al Dhiyab
delivery,24.6113907,46.7548745,
mosque,24.5772071,46.7729616,
mosque,24.5809634,46.7672431,
mosque,24.5844464,46.7641425,
mosque,24.5825049,46.761868,
mosque,24.5792511,46.7750966,
delivery,24.5714965,46.769596,اسواق وادي قريش
mosque,24.5964861,46.7568579,جامع إبراهيم العريفي
mosque,24.6646577,46.8594433,
mosque,24.6583079,46.8732733,
mosque,24.5631426,46.7518377,
mosque,24.6022772,46.7633536,
mosque,24.5738449,46.767005,
mosque,24.5836463,46.7693987,
mosque,24.5843345,46.7771252,
mosque,24.5772562,46.7869344,
mosque,24.5635306,46.803012,
mosque,24.5626888,46.8055003,
mosque,24.5625853,46.7946517,
mosque,24.5553609,46.7862232,
mosque,24.5580106,46.7887571,
mosque,24.5545112,46.776809,
mosque,24.5472311,46.7760204,
mosque,24.5509786,46.774851,
mosque,24.5635406,46.7829586,
mosque,24.5698164,46.7796006,
mosque,24.5711579,46.7824959,
mosque,24.5712613,46.7864484,
mosque,24.5572467,46.7931636,
mosque,24.5844119,46.8013224,
mosque,24.5727421,46.762799,
mosque,24.5732458,46.7517835,
vulnerable,24.5567243,46.7629075,
mosque,24.5545369,46.7650013,
mosque,24.5552822,46.766951,
mosque,24.5955793,46.7507492,
mosque,24.6594325,46.7473522,
mosque,24.6609584,46.7501525,
mosque,24.5598778,46.7674601,
delivery,24.579005,46.8186497,مطعم انار كلي
delivery,24.6111112,46.8608744,مطعم فول ورز بخاري
delivery,24.6579977,46.7827318,Hyper Panda
bus_stop,24.5958523,46.7466521,
bus_stop,24.5958733,46.7467067,
bus_stop,24.5958965,46.7467578,
bus_stop,24.5959157,46.7468123,
bus_stop,24.5959389,46.7468677,
bus_stop,24.5959661,46.7469126,
bus_stop,24.5959845,46.7469671,
bus_stop,24.5960077,46.7470225,
bus_stop,24.5960317,46.7470744,
bus_stop,24.5960773,46.7471747,
bus_stop,24.5961037,46.7472301,
bus_stop,24.5961245,46.7472829,
bus_stop,24.5961469,46.7473331,
bus_stop,24.5961709,46.7473946,
bus_stop,24.5961933,46.7474457,
bus_stop,24.5962165,46.7474958,
bus_stop,24.5962405,46.7475539,
bus_stop,24.5962668,46.7476163,
bus_stop,24.5962852,46.7476691,
bus_stop,24.596358,46.7478204,
bus_stop,24.5954795,46.7468472,
bus_stop,24.5955038,46.7469073,
bus_stop,24.5955282,46.7469603,
bus_stop,24.5955478,46.7470056,
bus_stop,24.5955722,46.7470609,
bus_stop,24.5955959,46.7471146,
bus_stop,24.5956162,46.7471645,
bus_stop,24.5956413,46.7472213,
bus_stop,24.5956644,46.7472697,
bus_stop,24.5957083,46.7473741,
bus_stop,24.5957342,46.7474324,
bus_stop,24.5957551,46.7474808,
bus_stop,24.595776,46.7475337,
bus_stop,24.5958249,46.747642,
bus_stop,24.5958012,46.7475921,
bus_stop,24.5958458,46.7476934,
bus_stop,24.5958717,46.747754,
bus_stop,24.5958968,46.7478155,
bus_stop,24.5959163,46.747863,
bus_stop,24.5959373,46.7479145,
bus_stop,24.5959652,46.7479774,
bus_stop,24.5961407,46.7484185,
bus_stop,24.5961709,46.7484726,
bus_stop,24.596195,46.7485186,
bus_stop,24.5962138,46.7485643,
bus_stop,24.5962294,46.7486105,
bus_stop,24.5962494,46.7486712,
bus_stop,24.5972696,46.7471143,Riyadh Public Buses
delivery,24.5707922,46.743012,قوة العروبة لشراء معدات المطاعم المستعملة
mosque,24.6523328,46.7457483,
bus_stop,24.654713,46.7542505,
vulnerable,24.6311913,46.7531419,
bus_stop,24.6325843,46.7624105,
bus_stop,24.633969,46.7620233,
bus_stop,24.6400155,46.7601993,
bus_stop,24.6536246,46.7547856,
bus_stop,24.6634616,46.7496858,
bus_stop,24.6647582,46.7490018,
bus_stop,24.6236666,46.7550294,
delivery,24.6012513,46.7533739,Ebhar
vulnerable,24.563162,46.841807,MustashfaRabiyahatTibbi
bus_stop,24.5963342,46.7477743,
bus_stop,24.5963121,46.7477299,
mosque,24.5643915,46.8077614,مسجد الشيخ عبدالله الصياح
mosque,24.5638861,46.8113196,
mosque,24.5577112,46.7985113,
mosque,24.5687886,46.7782956,
mosque,24.5576589,46.7836472,
mosque,24.5720095,46.8062603,
mosque,24.5993763,46.7676683,
mosque,24.5645928,46.7891085,
mosque,24.5723925,46.7758664,
mosque,24.5662631,46.7864335,
mosque,24.5769182,46.8027722,
mosque,24.5625445,46.7857031,
mosque,24.5599171,46.7815288,
mosque,24.5556164,46.7900549,
mosque,24.5523795,46.7865659,
mosque,24.5992232,46.7645446,
mosque,24.6019071,46.7591781,
mosque,24.5704248,46.8035049,
mosque,24.5811713,46.7842915,
mosque,24.5670267,46.8068449,
mosque,24.5773518,46.7963772,
mosque,24.5723098,46.8014459,
mosque,24.5749245,46.7925863,
mosque,24.5995524,46.7615062,
mosque,24.6011019,46.7524137,
mosque,24.6064049,46.7625145,
mosque,24.5123257,46.7463453,
mosque,24.5537772,46.8041236,
mosque,24.5563256,46.8101116,
mosque,24.5486717,46.800966,
mosque,24.648698,46.7631433,مسجد الشيخ عبدالله الخليفي (الشيخ البراك)
mosque,24.5488706,46.865865,
delivery,24.6589566,46.782883,Remal Mall
delivery,24.6524928,46.7944434,مرجان السعودية
vulnerable,24.5882668,46.7799289,
vulnerable,24.5892935,46.7821589,
mosque,24.5911211,46.7781428,مسجد عمر بن عبدالعزيز
mosque,24.582983,46.7741099,مسجد البواردي
vulnerable,24.5929028,46.7801885,
vulnerable,24.6609639,46.8286759,
mosque,24.6288635,46.9247954,
mosque,24.6297054,46.8126295,
mosque,24.6290267,46.8065003,
mosque,24.6250442,46.8042547,
mosque,24.6299833,46.7933795,
mosque,24.6304367,46.7979453,
mosque,24.6344801,46.7932998,
mosque,24.6100803,46.7809448,
vulnerable,24.6028884,46.7764906,
vulnerable,24.5887563,46.7890607,
vulnerable,24.5844794,46.8105466,مستشفى النقاهة
construction,24.5806677,46.8261391,
mosque,24.5748272,46.8314682,
mosque,24.5758904,46.8353829,
mosque,24.5798567,46.8338289,
mosque,24.5776592,46.839372,
mosque,24.5803017,46.8401262,
vulnerable,24.5803003,46.8349268,
vulnerable,24.5770332,46.840904,
vulnerable,24.577804,46.845872,
vulnerable,24.5733628,46.8454639,
vulnerable,24.5699582,46.8407592,
vulnerable,24.5668983,46.8454516,
vulnerable,24.5683582,46.8455286,
vulnerable,24.5748058,46.8485542,
mosque,24.5758391,46.8500709,
vulnerable,24.5867638,46.8478862,
vulnerable,24.5848049,46.8466426,
vulnerable,24.5888991,46.8483059,
mosque,24.5870865,46.850963,
mosque,24.594383,46.8130073,
vulnerable,24.5731421,46.8518206,
vulnerable,24.576128,46.8544149,
vulnerable,24.5857246,46.8479862,
construction,24.5605058,46.7786129,Park?
mosque,24.5861431,46.7459911,
construction,24.5888231,46.7520111,
construction,24.588138,46.7571337,
mosque,24.5945674,46.7455776,
mosque,24.5967076,46.7433238,
mosque,24.6037698,46.7529047,
mosque,24.6032317,46.7599716,
mosque,24.6004475,46.7553232,
mosque,24.5995911,46.7584639,
mosque,24.6067111,46.7651101,
mosque,24.5941845,46.7702789,
mosque,24.5973242,46.7657551,
mosque,24.5933908,46.7614385,
vulnerable,24.6147862,46.7540823,
mosque,24.6110124,46.7510144,
mosque,24.6149415,46.7443842,
mosque,24.6254323,46.9261049,
mosque,24.6201347,46.9277806,
mosque,24.6226519,46.9272801,
construction,24.523633,46.9026685,
mosque,24.6637955,46.7898241,
mosque,24.6623124,46.802076,
mosque,24.6632711,46.7989752,
mosque,24.662097,46.7947394,
mosque,24.6609524,46.7922124,
mosque,24.6584324,46.7974831,
vulnerable,24.662665,46.7997259,
vulnerable,24.6594661,46.8006886,
vulnerable,24.6577199,46.7982489,
vulnerable,24.656358,46.7958991,
mosque,24.6572036,46.7937557,
mosque,24.6587919,46.8049937,
mosque,24.6546543,46.7986535,
vulnerable,24.6624033,46.8052274,
mosque,24.6600955,46.7998087,
mosque,24.6473961,46.8071113,
delivery,24.6198105,46.7449709,العثيم
mosque,24.5839127,46.7867376,
mosque,24.5876403,46.7599745,
mosque,24.5521385,46.7623558,
delivery,24.6537123,46.8147638,AL DARAAN TRADING COMPANY
construction,24.5627015,46.858028,
construction,24.5116421,46.8408389,
vulnerable,24.6520282,46.7608027,
delivery,24.6517332,46.7602596,
mosque,24.6619161,46.8772446,
mosque,24.6613489,46.863785,
vulnerable,24.6644612,46.8731671,
vulnerable,24.6131969,46.7573395,ثانوية الإمام الألوسي
mosque,24.5830169,46.7739718,
vulnerable,24.5881848,46.7734386,
vulnerable,24.5819416,46.7793756,
construction,24.598002,46.7467229,
delivery,24.5984595,46.7478321,Nesto Hypermarket
construction,24.6602779,46.7480501,
construction,24.6591376,46.751051,
vulnerable,24.5895851,46.7819996,متوسطة الامام النسائي
vulnerable,24.5890394,46.7823087,ثانوية العز بن عبدالسلام
delivery,24.5857177,46.7784129,McDonald's
delivery,24.5860764,46.7796829,Herfy
mosque,24.6635286,46.926918,
bus_stop,24.6250513,46.7655764,
construction,24.5754541,46.7829635,
mosque,24.552337,46.8895912,
delivery,24.6561643,46.7528715,McDonald's
