rank,lat,lon,HRPI,LST_C,built_frac,green_frac,new_frac,dark_frac,population,mosque,bus_stop,delivery,construction,vulnerable,park,recommended_action,est_cooling_C_if_+0.1_albedo,map
1,24.622,46.864,100.0,54.368,1.0,0.0,1.0,0.01,402.584,0,0,0,0,0,0,Shade trees / green corridors + Heat-aware design code for new district,-0.699,"https://www.google.com/maps?q=24.62188,46.86421"
2,24.631,46.799,86.72,55.663,1.0,0.0,0.0,0.89,441.053,1,0,0,0,0,0,Shaded walkways to mosque + Cool roofs & cool pavements + Shade trees / green corridors,-0.699,"https://www.google.com/maps?q=24.63080,46.79915"
3,24.631,46.796,85.442,56.004,1.0,0.0,0.0,0.62,306.718,0,0,0,0,0,0,Cool roofs & cool pavements + Shade trees / green corridors,-0.699,"https://www.google.com/maps?q=24.63084,46.79619"
4,24.634,46.799,83.957,54.218,0.92,0.0,0.0,0.69,410.453,0,0,0,0,0,0,Cool roofs & cool pavements + Shade trees / green corridors,-0.699,"https://www.google.com/maps?q=24.63351,46.79919"
5,24.634,46.793,83.899,55.881,0.99,0.0,0.0,0.55,281.502,1,0,0,0,0,0,Shaded walkways to mosque + Cool roofs & cool pavements + Shade trees / green corridors,-0.699,"https://www.google.com/maps?q=24.63358,46.79326"
6,24.634,46.796,83.698,55.038,1.0,0.0,0.0,0.6,267.686,0,0,0,0,0,0,Cool roofs & cool pavements + Shade trees / green corridors,-0.699,"https://www.google.com/maps?q=24.63355,46.79622"
7,24.655,46.794,83.413,53.939,0.84,0.04,0.0,0.98,526.913,0,0,0,0,0,0,Cool roofs & cool pavements + Shade trees / green corridors,-0.699,"https://www.google.com/maps?q=24.65525,46.79357"
8,24.594,46.745,83.355,53.502,1.0,0.0,0.0,,448.941,1,0,0,0,0,0,Shaded walkways to mosque + Shade trees / green corridors,-0.699,"https://www.google.com/maps?q=24.59352,46.74529"
9,24.496,46.933,82.369,54.665,0.95,0.03,0.51,0.18,382.786,0,0,0,0,0,0,Shade trees / green corridors + Heat-aware design code for new district,-0.699,"https://www.google.com/maps?q=24.49642,46.93339"
10,24.665,46.853,81.371,54.047,0.84,0.0,0.53,,401.98,0,0,0,0,0,0,Shade trees / green corridors + Heat-aware design code for new district,-0.699,"https://www.google.com/maps?q=24.66536,46.85300"
11,24.634,46.773,81.015,56.078,1.0,0.0,0.0,0.16,519.865,0,0,0,0,0,0,Shade trees / green corridors,-0.699,"https://www.google.com/maps?q=24.63383,46.77252"
12,24.66,46.853,80.7,54.403,0.97,0.0,0.39,,419.905,0,0,0,0,0,0,Shade trees / green corridors + Heat-aware design code for new district,-0.699,"https://www.google.com/maps?q=24.65994,46.85292"
13,24.665,46.856,80.156,54.056,0.98,0.0,0.3,,383.82,0,0,0,0,0,0,Shade trees / green corridors + Heat-aware design code for new district,-0.699,"https://www.google.com/maps?q=24.66532,46.85596"
14,24.551,46.869,80.073,53.566,0.97,0.0,0.0,0.5,525.076,0,0,0,0,0,0,Cool roofs & cool pavements + Shade trees / green corridors,-0.699,"https://www.google.com/maps?q=24.55140,46.86909"
15,24.51,46.934,79.907,54.863,0.98,0.0,0.36,0.76,390.071,0,0,0,0,0,0,Cool roofs & cool pavements + Shade trees / green corridors + Heat-aware design code for new district,-0.699,"https://www.google.com/maps?q=24.50996,46.93360"
